<?xml version="1.0" encoding="UTF-8"?>
<!--SCORM 1.2 Content Package document generated by HotPotatoes: Masher Version 6.3 Release 0 Build 5.-->
<manifest xmlns="http://www.imsproject.org/xsd/imscp_rootv1p1p2" xmlns:imsmd="http://www.imsglobal.org/xsd/imsmd_rootv1p2p1" xmlns:xsi="http://www.w3.org/2001/XMLSchema-instance" xmlns:adlcp="http://www.adlnet.org/xsd/adlcp_rootv1p2" identifier="MANIFEST-9B0F8E6A-242D-48E8-A12A-629AE0248485" xsi:schemaLocation="http://www.imsproject.org/xsd/imscp_rootv1p1p2 imscp_rootv1p1p2.xsd http://www.imsglobal.org/xsd/imsmd_rootv1p2p1 imsmd_rootv1p2p1.xsd http://www.adlnet.org/xsd/adlcp_rootv1p2 adlcp_rootv1p2.xsd">
  <metadata>
    <imsmd:lom>
      <imsmd:general>
        <imsmd:identifier />
        <imsmd:title>
          <imsmd:langstring xml:lang="en"></imsmd:langstring>
        </imsmd:title>
      </imsmd:general>
    </imsmd:lom>
  </metadata>
  <organizations default="ORG-CE86CAA8-CBF0-4FDA-8F9C-BD43175ACF50">
    <organization identifier="ORG-CE86CAA8-CBF0-4FDA-8F9C-BD43175ACF50" structure="hierarchical">
      <title>Organization</title>
      <item identifier="ITEM-DC94A39F-3EC5-4793-BC4F-0004F547023E" identifierref="RES-597AC897-442D-4649-871A-0F0EA229E96A" isvisible="true">
        <title></title>
		
      </item><item identifier="ITEM-AFFD70DD-8378-4F21-88BC-FF000A0D1F7D" identifierref="RES-CDF7C1DD-911F-4BD5-9048-DF1D93FC6FA3" isvisible="true">
        <title>Algoritmo Guloso</title>
		
      </item>
    </organization>
  </organizations>
  <resources>
    <resource identifier="RES-597AC897-442D-4649-871A-0F0EA229E96A" type="webcontent" adlcp:scormtype="asset" href="index.htm">
      <file href="index.htm" />
	  
    </resource><resource identifier="RES-CDF7C1DD-911F-4BD5-9048-DF1D93FC6FA3" type="webcontent" adlcp:scormtype="sco" href="algoritmo_guloso.htm">
      <file href="algoritmo_guloso.htm" />
	  
    </resource>
	
  </resources>
</manifest>

